,Strategy,Buy & Hold
Cumulative Return,10.400158613008106,3.7168546483635403
CAGR%,0.11121959315655006,0.06952730024749965
Sharpe,0.7949234647330048,0.4470506588017875
Max Drawdown,-0.27331079362656896,-0.5647366917817164
Volatility (ann.),0.1465279949365253,0.19202570432670651
