,Strategy,Buy & Hold
Cumulative Return,25.98816882649579,3.7168546483635403
CAGR%,0.15350128102887917,0.06952730024749965
Sharpe,0.8407388913587516,0.4470506588017875
Max Drawdown,-0.36060989138542876,-0.5647366917817164
Volatility (ann.),0.19226052639914584,0.19202570432670651
